<?xml version="1.0" encoding="UTF-8"?>
<project-private xmlns="http://www.netbeans.org/ns/project-private/1">
    <editor-bookmarks xmlns="http://www.netbeans.org/ns/editor-bookmarks/2" lastBookmarkId="0"/>
    <open-files xmlns="http://www.netbeans.org/ns/projectui-open-files/2">
        <group name="Group 20240713-03:31:24">
            <file>file:/C:/Users/dungvnzx1/Downloads/J1.L.P0024/src/defaultPacket/FileManager.java</file>
            <file>file:/C:/Users/dungvnzx1/Downloads/J1.L.P0024/src/defaultPacket/Main.java</file>
            <file>file:/C:/Users/dungvnzx1/Downloads/J1.L.P0024/src/defaultPacket/Product.java</file>
            <file>file:/C:/Users/dungvnzx1/Downloads/J1.L.P0024/src/defaultPacket/InputGetter.java</file>
            <file>file:/C:/Users/dungvnzx1/Downloads/J1.L.P0024/src/defaultPacket/ProductManager.java</file>
            <file>file:/C:/Users/dungvnzx1/Downloads/J1.L.P0024/src/defaultPacket/Validation.java</file>
        </group>
    </open-files>
</project-private>
