<?xml version="1.0" encoding="UTF-8"?>
<project-private xmlns="http://www.netbeans.org/ns/project-private/1">
    <editor-bookmarks xmlns="http://www.netbeans.org/ns/editor-bookmarks/2" lastBookmarkId="0"/>
    <open-files xmlns="http://www.netbeans.org/ns/projectui-open-files/2">
        <group name="Group 20240713-03:31:24">
            <file>file:/G:/LAB211/100%20--%20175/J1.S.P0071%20Task%20management/jsp701/src/inPut/InputGetter.java</file>
            <file>file:/G:/LAB211/100%20--%20175/J1.S.P0071%20Task%20management/jsp701/src/task/TaskManager.java</file>
            <file>file:/G:/LAB211/100%20--%20175/J1.S.P0071%20Task%20management/jsp701/src/task/TaskType.java</file>
            <file>file:/G:/LAB211/100%20--%20175/J1.S.P0071%20Task%20management/jsp701/src/validation/Validation.java</file>
            <file>file:/G:/LAB211/100%20--%20175/J1.S.P0071%20Task%20management/jsp701/src/main/Main.java</file>
            <file>file:/G:/LAB211/100%20--%20175/J1.S.P0071%20Task%20management/jsp701/src/task/Task.java</file>
        </group>
        <group>
            <file>file:/G:/lab211/100%20--%20175/J1.S.P0071%20Task%20management/jsp701/src/main/Main.java</file>
            <file>file:/G:/lab211/100%20--%20175/J1.S.P0071%20Task%20management/jsp701/src/task/Task.java</file>
            <file>file:/G:/lab211/100%20--%20175/J1.S.P0071%20Task%20management/jsp701/src/task/TaskManager.java</file>
        </group>
    </open-files>
</project-private>
