<?xml version="1.0" encoding="UTF-8"?>
<project-private xmlns="http://www.netbeans.org/ns/project-private/1">
    <editor-bookmarks xmlns="http://www.netbeans.org/ns/editor-bookmarks/2" lastBookmarkId="0"/>
    <open-files xmlns="http://www.netbeans.org/ns/projectui-open-files/2">
        <group name="Group 20240713-03:31:24">
            <file>file:/D:/Lab211/FruitShop/src/model/Fruit.java</file>
            <file>file:/D:/Lab211/FruitShop/src/view/FruitShopView.java</file>
            <file>file:/D:/Lab211/FruitShop/src/controler/FruitShopControler.java</file>
            <file>file:/D:/Lab211/FruitShop/src/app/Main.java</file>
            <file>file:/D:/Lab211/FruitShop/src/model/FruitShopManagement.java</file>
            <file>file:/D:/Lab211/FruitShop/src/input/InputGetter.java</file>
        </group>
        <group>
            <file>file:/G:/lab211/100%20--%20175/J1.L.P0023_%20FruitShop/src/view/FruitShopView.java</file>
        </group>
    </open-files>
</project-private>
