<?xml version="1.0" encoding="UTF-8"?>
<project-private xmlns="http://www.netbeans.org/ns/project-private/1">
    <editor-bookmarks xmlns="http://www.netbeans.org/ns/editor-bookmarks/2" lastBookmarkId="0"/>
    <open-files xmlns="http://www.netbeans.org/ns/projectui-open-files/2">
        <group name="Group 20240713-03:31:24">
            <file>file:/D:/lab2211%20-nth/Binarysearc1/src/defaultpacket/InPutGetter.java</file>
            <file>file:/D:/lab2211%20-nth/Binarysearc1/src/defaultpacket/Array.java</file>
            <file>file:/D:/lab2211%20-nth/Binarysearc1/src/defaultpacket/searchEngine.java</file>
            <file>file:/D:/lab2211%20-nth/Binarysearc1/src/defaultpacket/Main.java</file>
        </group>
    </open-files>
</project-private>
