<?xml version="1.0" encoding="UTF-8"?>
<project-private xmlns="http://www.netbeans.org/ns/project-private/1">
    <editor-bookmarks xmlns="http://www.netbeans.org/ns/editor-bookmarks/2" lastBookmarkId="0"/>
    <open-files xmlns="http://www.netbeans.org/ns/projectui-open-files/2">
        <group name="Group 20240713-03:31:24">
            <file>file:/D:/lab2211%20-nth/binarySearch1/src/binarysearch1/Main.java</file>
            <file>file:/D:/lab2211%20-nth/binarySearch1/src/binarysearch1/Validate.java</file>
            <file>file:/D:/lab2211%20-nth/binarySearch1/src/binarysearch1/BinarySearchArray.java</file>
        </group>
    </open-files>
</project-private>
