<?xml version="1.0" encoding="UTF-8"?>
<project-private xmlns="http://www.netbeans.org/ns/project-private/1">
    <editor-bookmarks xmlns="http://www.netbeans.org/ns/editor-bookmarks/2" lastBookmarkId="0"/>
    <open-files xmlns="http://www.netbeans.org/ns/projectui-open-files/2">
        <group/>
        <group name="Group 20240713-03:31:24">
            <file>file:/G:/IA%20KI/lab211/Mergersoert/src/mergersoert/Mergersort.java</file>
        </group>
    </open-files>
</project-private>
